company_name,Cluster
"ADM TRONICS UNLIMITED, INC.",3
NUTRA PHARMA CORP,3
UNIVERSAL SECURITY INSTRUMENTS INC,3
REGI U S INC,1
QUANTRX BIOMEDICAL CORP,1
TRIMEDYNE INC,3
SENSE TECHNOLOGIES INC,3
TRANS ENERGY INC,1
AURA SYSTEMS INC,1
GOLDRICH MINING CO,3
CASPIAN SERVICES INC,3
SEAFARER EXPLORATION CORP,3
NORTHWEST BIOTHERAPEUTICS INC,1
SPINDLETOP OIL & GAS CO,3
GROOVE BOTANICALS INC.,1
UNIVERSAL DETECTION TECHNOLOGY,3
FONAR CORP,3
ARETE INDUSTRIES INC,3
PRIMEENERGY RESOURCES CORP,1
HYPERDYNAMICS CORP,3
China Fruits Corp,3
INERGETICS INC,3
AMERICAN ENERGY GROUP LTD,3
"PureSafe Water Systems, Inc.",3
"Applied Visual Sciences, Inc.",3
DEBT RESOLVE INC,3
"SANTEON GROUP, INC.",1
REGENCY AFFILIATES INC,1
MANHATTAN SCIENTIFICS INC,3
"CBAK Energy Technology, Inc.",3
"AXIM BIOTECHNOLOGIES, INC.",3
ETHEMA HEALTH Corp,1
GLOBAL DIVERSIFIED INDUSTRIES INC,1
SCORES HOLDING CO INC,3
"GDT TEK, Inc.",3
"Wellness Center USA, Inc.",3
TRUDY CORP,3
NEXT GENERATION MANAGEMENT CORP.,3
"COOL TECHNOLOGIES, INC.",1
"IGC Pharma, Inc.",3
"Boomerang Systems, Inc.",3
PERVASIP CORP,1
American CryoStem Corp,3
"Occidental Development Group, Inc.",1
"TRISTAR WELLNESS SOLUTIONS, INC.",3
IEH Corp,3
"DYNARESOURCE, INC.",3
SAGEMARK COMPANIES LTD,3
"MEDLINK INTERNATIONAL, INC.",3
US FUEL CORP,1
"Kiwibox.Com, Inc.",3
Global Ecology Corp,3
GROEN BROTHERS AVIATION INC /UT/,3
MAVERICK MINERALS CORP,3
"CHINA CHANGJIANG MINING & NEW ENERGY COMPANY, LTD.",1
FOREVERGREEN WORLDWIDE CORP,1
"Solar Thin Films, Inc.",3
Lattice INC,3
INTERPLAY ENTERTAINMENT CORP,3
"Brownie's Marine Group, Inc",3
"Vitro Biopharma, Inc.",3
GOLDEN PHOENIX MINERALS INC,1
"GEORGE RISK INDUSTRIES, INC.",1
Advanced Biomedical Technologies Inc.,3
EARTH SEARCH SCIENCES INC,3
LKA GOLD Inc /DE/,1
"Dogecoin Cash, Inc.",4
UNR HOLDINGS INC,1
"Cavitation Technologies, Inc.",3
INTERNATIONAL AUTOMATED SYSTEMS INC,3
DALECO RESOURCES CORP,1
"SPAR Group, Inc.",1
AMERICAN SOIL TECHNOLOGIES INC,1
GLOBAL LEADERSHIP INSTITUTE INC.,3
NewMarket Technology Inc,3
BEARD CO /OK,1
PENN OCTANE CORP,3
"First Physicians Capital Group, Inc.",3
GREENSHIFT CORP,3
BRAVO ENTERPRISES LTD.,3
"Wi-Tron, Inc.",3
"Applied Minerals, Inc.",1
JUNIPER GROUP INC,3
GREENWAY TECHNOLOGIES INC,1
ODYSSEY PICTURES CORP,1
"United Health Products, Inc.",3
IMAGEWARE SYSTEMS INC,1
"GREYSTONE LOGISTICS, INC.",3
"U.S. Aerospace, Inc.",3
"SmartMetric, Inc.",1
"VPR Brands, LP.",1
Onstream Media CORP,3
CONSULIER ENGINEERING INC,3
"BIOLARGO, INC.",1
Trimol Group Inc.,3
AMERICAN COMMERCE SOLUTIONS Inc,3
BALTIA AIR LINES INC,3
"GLOBAL TECH INDUSTRIES GROUP, INC.",1
Inova Technology Inc.,1
SANGUINE CORP,1
VALIDIAN CORP,3
Revolutions Medical CORP,3
"TERRA ENERGY & RESOURCE TECHNOLOGIES, INC.",3
PARADIGM MEDICAL INDUSTRIES INC,1
"MSGI TECHNOLOGY SOLUTIONS, INC",1
"AMERICAN NOBLE GAS, INC.",1
"Driveitaway Holdings, Inc.",1
FAMILY ROOM ENTERTAINMENT CORP,1
Searchlight Minerals Corp.,3
MULTI MEDIA TUTORIAL SERVICES INC,3
"SKYE INTERNATIONAL, INC",3
PACER HEALTH CORP,1
PRINCETON CAPITAL CORP,3
"Chang-On International, Inc.",3
MPM TECHNOLOGIES INC,3
ALPHA NETWORK ALLIANCE VENTURES INC.,3
"Cleartronic, Inc.",3
Blink Charging Co.,2
LIQUIDMETAL TECHNOLOGIES INC,1
Bay Acquisition Corp.,3
"SideChannel, Inc.",1
TRANS LUX Corp,3
VG Life Sciences Inc.,3
"SHANDONG ZHOUYUAN SEED & NURSERY CO., LTD.",3
STEPHAN CO,4
"Acacia Diversified Holdings, Inc.",3
RemSleep Holdings Inc.,1
Birchtech Corp.,1
HAMMER FIBER OPTICS HOLDINGS CORP,3
"ECO Building Products, Inc.",3
Alternative Investment Corp,3
NOFIRE TECHNOLOGIES INC,3
SOLITRON DEVICES INC,1
UNITED STATES ANTIMONY CORP,3
America Great Health,3
CIRCUIT RESEARCH LABS INC,1
INTERNATIONAL THOROUGHBRED BREEDERS INC,1
China Industrial Waste Management Inc.,1
TEL INSTRUMENT ELECTRONICS CORP,4
WHITEMARK HOMES INC,1
"Bulova Technologies Group, Inc.",3
"TURBODYNE TECHNOLOGIES, INC",3
"BIOSHAFT WATER TECHNOLOGY, INC.",3
NEW DRAGON ASIA CORP,3
WORLDS INC,1
"AFTERMASTER, INC.",1
Discovery Oil & Gas Inc.,3
BRAZIL FAST FOOD CORP,3
HUTECH21 CO. LTD.,3
Pacific Green Technologies Inc.,3
ZYNEX INC,2
AMERICAN INTERNATIONAL VENTURES INC /DE/,3
"KORU Medical Systems, Inc.",3
VERITEC INC,1
"RadNet, Inc.",3
PERMA FIX ENVIRONMENTAL SERVICES INC,0
SMITH MIDLAND CORP,1
3Power Energy Group Inc.,3
"AmeriResource Technologies, Inc.",1
FORMCAP CORP.,1
Sino Clean Energy Inc,3
"American Rare Earths & Materials, Corp.",1
PRESSURE BIOSCIENCES INC,1
ABVIVA INC,1
"Crown Equity Holdings, Inc.",3
"Nuo Therapeutics, Inc.",1
"Bright Mountain Media, Inc.",3
"Cybrdi, Inc.",3
"Allied Security Innovations, Inc.",1
N-VIRO INTERNATIONAL CORP,3
"New Concept Energy, Inc.",4
AROTECH CORP,3
Glen Rose Petroleum CORP,1
JANEL CORP,1
ROYALITE PETROLEUM CO INC.,3
"SensiVida Medical Technologies, Inc.",1
Linkwell CORP,1
1PM Industries,3
NUTRITION MANAGEMENT SERVICES CO/PA,3
AKORN INC,4
"Lifeway Foods, Inc.",1
"TPT GLOBAL TECH, INC.",3
WIND ENERGY AMERICA INC.,1
TOFUTTI BRANDS INC,4
ENVIRONMENTAL ENERGY SERVICES INC,4
DEEP WELL OIL & GAS INC,0
AMERICAN BIO MEDICA CORP,4
ENSURGE INC,3
Santa Fe Gold CORP,1
"Camelot Entertainment Group, Inc.",3
"GREENKRAFT, INC.",3
NATIONAL QUALITY CARE INC,3
Paybox Corp.,3
THERMOENERGY CORP,1
"ASURA DEVELOPMENT GROUP, INC.",1
POSITRON CORP,1
SPORT HALEY INC,1
RIVAL TECHNOLOGIES INC,1
I/OMAGIC CORP,4
CENTRAL ENERGY PARTNERS LP,3
FRONTIER ENERGY CORP.,1
"Starco Brands, Inc.",1
POWER 3 MEDICAL PRODUCTS INC,1
CYTTA CORP.,1
AURORA GOLD CORP,3
"FTS GROUP, INC.",3
INTEGRATED BIOPHARMA INC,3
Trident Brands Inc,3
ForceField Energy Inc.,3
BLUEBOOK INTERNATIONAL HOLDING CO,1
"Bluefire Renewables, Inc.",1
PTS INC/NV/,1
Oncologix Tech Inc.,4
CPI AEROSTRUCTURES INC,1
JLM COUTURE INC,3
"WORLD AM, INC.",1
MILESTONE SCIENTIFIC INC.,4
"iDNA, Inc.",1
"MACKAY LIFE SCIENCES, INC.",1
"TRULEUM, INC.",3
"ACTIVECARE, INC.",3
Cyclone Uranium Corp,3
VERTICAL COMPUTER SYSTEMS INC,1
VIDEO DISPLAY CORP,3
DXP ENTERPRISES INC,4
NATURAL HEALTH TRENDS CORP,1
MIRENCO INC,1
"NAPCO SECURITY TECHNOLOGIES, INC",2
COMMODORE APPLIED TECHNOLOGIES INC,3
CONOLOG CORP,3
NORTHERN MINERALS & EXPLORATION LTD.,3
EMERSON RADIO CORP,1
Cross Click Media Inc.,3
MERA PHARMACEUTICALS INC,3
"Strategic Environmental & Energy Resources, Inc.",1
EMTEC INC/NJ,4
"Redify Group, Inc.",3
VOYAGER ENTERTAINMENT INTERNATIONAL INC,3
"APOLLO SOLAR ENERGY, INC.",3
PureBase Corp,1
BIOSPECIFICS TECHNOLOGIES CORP,3
"AOXING PHARMACEUTICAL COMPANY, INC.",3
"Investview, Inc.",3
aVINCI MEDIA CORP,3
"Kraig Biocraft Laboratories, Inc.",1
"AHPC Holdings, Inc.",3
LAPOLLA INDUSTRIES INC,4
AMERICAN POWER GROUP Corp,1
"Digerati Technologies, Inc.",1
LIVE VENTURES Inc,1
DYNTEK INC,1
"ECO SCIENCE SOLUTIONS, INC.",1
"Artisan Consumer Goods, Inc.",3
ELVA INTERNATIONAL INC,3
"Rich Pharmaceuticals, Inc.",3
LENCO MOBILE INC.,1
Li-ion Motors Corp.,3
"Net Medical Xpress Solutions, Inc.",3
NEOGENOMICS INC,2
TRIO-TECH INTERNATIONAL,1
QUICK-MED TECHNOLOGIES INC,4
VELOCITY EXPRESS CORP,4
"SUNWIN STEVIA INTERNATIONAL, INC.",3
READING INTERNATIONAL INC,0
EUROGAS INC,3
RPM TECHNOLOGIES INC,3
Tix CORP,1
"Exeo Entertainment, Inc.",3
"CANNABIS SCIENCE, INC.",1
GLOBAL DIGITAL SOLUTIONS INC,3
ENDEVCO INC,1
"CANNAPHARMARX, INC.",3
PURADYN FILTER TECHNOLOGIES INC,4
ECOLOGY & ENVIRONMENT INC,1
FIRST AMERICAN SCIENTIFIC CORP.,3
"Global Peopleline Telecom Inc. (Formerly China Mobility Solutions, Inc.)",4
Her Imports,3
INNOVATIVE SOFTWARE TECHNOLOGIES INC,4
"ENTECH SOLAR, INC.",1
"Agritech Worldwide, Inc.",4
"Eos Petro, Inc.",3
"NORTHSIGHT CAPITAL, INC.",1
Omnitek Engineering Corp,3
BLUE SPHERE CORP.,3
TRECORA RESOURCES,3
TN-K ENERGY GROUP INC.,4
IRELAND INC.,3
KENILWORTH SYSTEMS CORP,4
"EURO GROUP OF COMPANIES, INC.",4
"Quest Water Global, Inc.",3
"CARGO CONNECTION LOGISTICS HOLDING, INC.",1
"AuraSource, Inc.",3
American Security Resources Corp.,3
"SITO MOBILE, LTD.",1
"KID BRANDS, INC",0
NEW WORLD BRANDS INC,1
GLOBAL EPOINT INC,4
"AXIA GROUP, INC.",4
"Laredo Oil, Inc.",3
SIGNATURE EYEWEAR INC,1
"Rotate Black, Inc.",4
FIRSTGOLD CORP.,1
"Leo Motors, Inc.",3
DECISION DIAGNOSTICS CORP,4
ELECTRIC & GAS TECHNOLOGY INC,3
"AmeriCann, Inc.",3
"AMERICA WEST RESOURCES, INC.",1
JAMMIN JAVA CORP.,1
"OVALE GROUP, INC",3
DEFENSE INDUSTRIES INTERNATIONAL INC,4
alpha-En Corp,3
NaturalShrimp Inc,3
MAJOR LEAGUE FOOTBALL INC,1
ADVANCED ID CORP,3
UBI Blockchain Internet LTD-DE,3
HPIL Holding,3
USCORP,3
U S PRECIOUS METALS INC,3
"U.S. RARE EARTHS, INC",1
ORGANITECH USA INC,1
"APPLIED ENERGETICS, INC.",1
"China Modern Agricultural Information, Inc.",3
"VERDE RESOURCES, INC.",3
"Infosmart Group, Inc.",3
K-V Pharmaceutical Co,1
"ACURA PHARMACEUTICALS, INC",4
FLOWSERVE CORP,1
"uVuMobile, Inc",1
"DealerAdvance, Inc.",3
"Intellect Neurosciences, Inc.",3
IElement CORP,1
US DATAWORKS INC,3
SILVERADO GOLD MINES LTD,1
FIRST REPUBLIC CORP OF AMERICA,3
STATMON TECHNOLOGIES CORP,3
"Silicon Mountain Holdings, Inc.",1
"Secure Technologies Group, Inc.",3
COLLEGE PARTNERSHIP INC,4
CALMARE THERAPEUTICS Inc,3
EMRISE Corp,1
"INFRAX SYSTEMS, INC.",3
"Gene Biotherapeutics, Inc.",3
QUANTUM GROUP INC /FL,3
"Li3 Energy, Inc.",1
"MOBETIZE, CORP.",3
"Amarantus Bioscience Holdings, Inc.",3
"NCT GROUP, INC.",4
"China Huaren Organic Products, Inc.",3
"5BARz International, Inc.",1
"Keyuan Petrochemicals, Inc.",3
EVERGREEN ENERGY INC,1
"SUPERNOVA ENERGY, INC.",3
GP STRATEGIES CORP,1
CardioGenics Holdings Inc.,1
Trimerica Energy Corp,1
PRIVATE MEDIA GROUP INC,3
ExeLED Holdings Inc.,1
FUTURELAND CORP.,3
GENERAL STEEL HOLDINGS INC,3
ARTISTDIRECT INC,1
AMERITYRE CORP,3
"ACRO BIOMEDICAL CO., LTD.",3
GEOGLOBAL RESOURCES INC.,4
"Royale Energy, Inc.",1
"ReposiTrak, Inc.",4
EMAGIN CORP,3
SKYLINE MULTIMEDIA ENTERTAINMENT INC,3
APT Systems Inc,3
ITIS HOLDINGS INC,4
"ROYALE ENERGY FUNDS, INC",1
SOUTH SHORE RESOURCES INC.,3
"Zinco do Brasil, Inc.",1
Ceetop Inc.,3
KOPIN CORP,0
"Vertical Communications, Inc.",1
AMERICAN LOCKER GROUP INC,1
RADIENT PHARMACEUTICALS Corp,3
FLEXPOINT SENSOR SYSTEMS INC,3
INTEGRATED FREIGHT Corp,1
IMAGING DIAGNOSTIC SYSTEMS INC /FL/,1
"AMYRIS, INC.",2
"CHERUBIM INTERESTS, INC.",3
WINMAX TRADING GROUP INC,1
PRODUCTIVITY TECHNOLOGIES CORP /,4
SEDONA CORP,1
First Liberty Power Corp,3
3D SYSTEMS CORP,0
"Radioio, Inc.",4
DIAMONDHEAD CASINO CORP,3
Heritage Global Inc.,3
IR BIOSCIENCES HOLDINGS INC,3
SULPHCO INC,3
"DS HEALTHCARE GROUP, INC.",3
ZAP,4
FIELDPOINT PETROLEUM CORP,3
"WORLD HEALTH ENERGY HOLDINGS, INC.",1
"AXION INTERNATIONAL HOLDINGS, INC.",4
Unilava Corp,3
"WUHAN GENERAL GROUP (CHINA), INC",3
Dutch Gold Resources Inc,1
Domark International Inc.,1
CHINA HELI RESOURCE RENEWABLE INC,3
HYDROCARB ENERGY CORP,3
NATIONAL LAMPOON INC,4
Orsus Xelent Technologies Inc,1
Global Resource CORP,1
EARTH BIOFUELS INC,3
SUNRISE TELECOM INC,1
Global Future City Holding Inc.,3
TRC COMPANIES INC /DE/,2
Goliath Film & Media Holdings,3
"Hypha Labs, Inc.",1
"GRANDPARENTS.COM, INC.",3
MEDICAL MAKEOVER CORP OF AMERICA,3
DLH Holdings Corp.,2
Evolucia Inc.,3
"LILIS ENERGY, INC.",1
NEW GENERATION HOLDINGS INC,4
Triton Emission Solutions Inc.,1
NEW YORK HEALTH CARE INC,4
BIOLIFE SOLUTIONS INC,2
"Perma-Pipe International Holdings, Inc.",4
"LiveWire Ergogenics, Inc.",3
UNITED AMERICAN HEALTHCARE CORP,1
"Humanoid, Inc.",3
TIGRENT INC,4
GLOBAL GOLD CORP,3
COSMO COMMUNICATIONS CORP,3
TIDELANDS OIL & GAS CORP/WA,3
ARCHON CORP,4
AMERICAN INTERNATIONAL INDUSTRIES INC,3
"CD INTERNATIONAL ENTERPRISES, INC.",3
FLANIGANS ENTERPRISES INC,1
FLOW INTERNATIONAL CORP,2
"Green Technology Solutions, Inc.",3
LEFT BEHIND GAMES INC.,4
"SOUPMAN, INC.",3
CONVERSION SERVICES INTERNATIONAL INC,3
TREES Corp (Colorado),1
SONORAN ENERGY INC,3
ECOSPHERE TECHNOLOGIES INC,4
MOTORCAR PARTS OF AMERICA INC,4
Monster Arts Inc.,3
"VirTra, Inc",4
ARROW RESOURCES DEVELOPMENT INC,4
GREEN HYGIENICS HOLDINGS INC.,1
NATIONAL DATACOMPUTER INC,4
ISC8 INC. /DE,4
Feihe International Inc,1
"QUANTUM FUEL SYSTEMS TECHNOLOGIES WORLDWIDE, INC.",2
"RTS Oil Holdings, Inc.",3
"FTE Networks, Inc.",3
Novus Robotics Inc.,3
MAXCO INC,4
LASER MASTER INTERNATIONAL INC,4
"HealthWarehouse.com, Inc.",1
UNIGENE LABORATORIES INC,4
"Spotlight Capital Holdings, Inc",3
"TerraForm Power NY Holdings, Inc.",1
Fuelstream INC,3
"Plastic2Oil, Inc.",1
CSP INC /MA/,4
ORBIT FR INC,3
"LSB INDUSTRIES, INC.",3
IMAGENETIX INC /NV/,3
"Sanomedics, Inc.",1
Kun Peng International Ltd.,3
AXTIVE CORP,4
Rocketinfo Inc.,1
"INVENT Ventures, Inc.",4
PROTECT PHARMACEUTICAL Corp,1
"NWPX Infrastructure, Inc.",1
"TALON INTERNATIONAL, INC.",3
China Ginseng Holdings Inc,1
ENVIRONMENTAL TECTONICS CORP,1
"TG THERAPEUTICS, INC.",1
ACCESS WORLDWIDE COMMUNICATIONS INC,1
INNOVATIVE FOOD HOLDINGS INC,4
TITAN TECHNOLOGIES INC,3
GENEREX BIOTECHNOLOGY CORP,4
Kallo Inc.,1
"Geos Communications, Inc.",3
ICY SPLASH FOOD & BEVERAGE INC,1
"Infinity Augmented Reality, Inc.",1
NEWS COMMUNICATIONS INC,3
ZOOM TECHNOLOGIES INC,1
"Norris Industries, Inc.",3
WORDLOGIC CORP,3
"CAM GROUP, INC.",1
"3DX Industries, Inc.",3
ISRAMCO INC,1
OCULUS INC.,3
"Coda Octopus Group, Inc.",3
GREM USA,1
ZANETT INC,1
"BODISEN BIOTECH, INC",1
"NW Tech Capital, Inc.",1
"YTB International, Inc.",1
"Generation NEXT Franchise Brands, Inc.",3
NORTEL NETWORKS CORP,0
"US-China Biomedical Technology, Inc.",1
MITEK SYSTEMS INC,1
"ADVANCED BATTERY TECHNOLOGIES, INC.",3
"TWINLAB CONSOLIDATED HOLDINGS, INC.",2
ZION OIL & GAS INC,1
CONTINENTAL MATERIALS CORP,4
TARA GOLD RESOURCES CORP.,1
HALLADOR ENERGY CO,2
NEOMEDIA TECHNOLOGIES INC,0
Timberline Resources Corp,1
Vu1 CORP,3
WESTMORELAND COAL Co,4
"Skkynet Cloud Systems, Inc.",3
EPLUS INC,2
"China Precision Steel, Inc.",3
Elite Health Systems Inc.,3
EPIXTAR CORP,4
CALYPTE BIOMEDICAL CORP,4
"Lithium & Boron Technology, Inc.",3
"Continental Resources Group, Inc.",3
"U.S. Stem Cell, Inc.",1
HYDRON TECHNOLOGIES INC,4
"RCI HOSPITALITY HOLDINGS, INC.",1
FERRO CORP,1
"ASCENDIA BRANDS, INC.",1
"CHINA-BIOTICS, INC",1
MEADE INSTRUMENTS CORP,4
STARTECH ENVIRONMENTAL CORP,1
"ECOTALITY, INC.",1
"ALKAME HOLDINGS, INC.",3
Magnum dOr Resources Inc,4
"IOVANCE BIOTHERAPEUTICS, INC.",2
"BALLY TECHNOLOGIES, INC.",2
ACIES CORP,1
Hallwood Group Inc,4
"AMERICAN APPAREL, INC",4
ZOLTEK COMPANIES INC,4
HYPERERA INC,3
GAMETECH INTERNATIONAL INC,4
AUSTRALIAN OIL & GAS CORP,1
POSITIVEID Corp,1
INTERNATIONAL TEXTILE GROUP INC,4
BAKKEN RESOURCES INC,3
ALLOY STEEL INTERNATIONAL INC,4
Panamera Holdings Corp,3
"BioNeutral Group, Inc",1
"U.S. China Mining Group, Inc.",1
SMF Energy Liquidating Trust,1
"Uphonia,Inc.",1
"AVID TECHNOLOGY, INC.",2
Sentinel Holdings Ltd.,4
CLEAN HARBORS INC,2
BIODELIVERY SCIENCES INTERNATIONAL INC,4
PROGRESSIVE GAMING INTERNATIONAL CORP,4
"BPZ RESOURCES, INC.",2
"FOREFRONT HOLDINGS, INC.",1
LGL GROUP INC,1
"Biostar Pharmaceuticals, Inc.",3
BALSAM VENTURES INC,3
FUELNATION INC,1
Tarsier Ltd.,3
LOCATEPLUS HOLDINGS CORP,4
INTERNATIONAL ISOTOPES INC,1
"BAYOU CITY EXPLORATION, INC.",1
"REJUVEL BIO-SCIENCES, INC.",3
"Benda Pharmaceutical, Inc.",3
"Wonhe High-Tech International, Inc.",3
DIGITAL VIDEO SYSTEMS INC,1
PAID INC,4
"ALTEVA, INC.",0
"China Liaoning Dingxu Ecological Agriculture Development, Inc.",3
OBSIDIAN ENTERPRISES INC,1
"Cyalume Technologies Holdings, Inc.",3
Tecnoglass Inc.,2
COMMERCE GROUP CORP /WI/,3
NOVANTA INC,2
"MJ BIOTECH, INC.",1
ACCESSPOINT CORP /NV/,1
Westport Energy Holdings Inc.,3
BALQON CORP.,4
"Texas South Energy, Inc.",1
SUPERIOR INDUSTRIES INTERNATIONAL INC,2
"INCENTRA SOLUTIONS, INC.",1
U-Haul Holding Co /NV/,1
CareView Communications Inc,3
IMMUNE PHARMACEUTICALS INC,1
"EESTech, Inc.",3
AMERICAN GRAPHITE TECHNOLOGIES INC.,1
"Dougherty's Pharmacy, Inc.",4
COFFEE HOLDING CO INC,3
WEST COAST VENTURES GROUP CORP.,1
SOUTH AMERICAN GOLD CORP.,3
WILLAMETTE VALLEY VINEYARDS INC,1
ENVIROKARE TECH INC,1
FAB Universal Corp.,1
TRI VALLEY CORP,0
"ERBA Diagnostics, Inc.",1
"Hill International, Inc.",4
MEDCOM USA INC,4
"PREMIER EXHIBITIONS, INC.",3
SIFCO INDUSTRIES INC,0
USA Graphite Inc.,4
"PROCERA NETWORKS, INC.",2
Fortem Resources Inc.,1
"mktg, inc.",1
"LIFECORE BIOMEDICAL, INC. DE",4
GOLD LAKES CORP.,3
STEAKHOUSE PARTNERS INC,1
"ASPIRE JAPAN, INC.",3
NEVADA GOLD & CASINOS INC,0
"ACCEL BRANDS, INC.",4
BROADCAST INTERNATIONAL INC,4
American Resources Corp,1
WITS BASIN PRECIOUS MINERALS INC,3
"ATC Ventures Group, Inc.",1
SIRVA INC,2
"ARCADIA RESOURCES, INC",4
"Ominto, Inc.",1
Stevia Corp,3
ARISTOCRAT GROUP CORP.,3
PROTEIN POLYMER TECHNOLOGIES INC,3
China Shenghuo Pharmaceutical Holdings Inc,1
Star Alliance International Corp.,3
CRAILAR TECHNOLOGIES INC,3
"Axion Power International, Inc.",4
"Nixxy, Inc.",4
"Global Pharmatech, Inc.",3
"World Moto, Inc.",3
Vuzix Corp,4
TELETOUCH COMMUNICATIONS INC,1
"Forticell BioScience, Inc.",4
PROTOSOURCE CORP,3
R F INDUSTRIES LTD,4
World Surveillance Group Inc.,3
ALLIANCE SEMICONDUCTOR CORP /DE/,0
KonaRed Corp,3
"Ener-Core, Inc.",1
LA JOLLA PHARMACEUTICAL CO,0
SPORTS CLUB CO INC,1
"Oakridge Global Energy Solutions, Inc.",3
UNIMARK GROUP INC,4
National Graphite Corp,1
Synovics Pharmaceuticals,3
ICTV Brands Inc.,4
"Engage Mobility, Inc.",3
COMPUTER SCIENCES CORP,4
ARTHROCARE CORP,2
"PIONEER POWER SOLUTIONS, INC.",3
PLEDGE PETROLEUM CORP,3
"BLACKSANDS PETROLEUM, INC.",3
MASTEC INC,1
TRIMAX CORP,1
GEOKINETICS INC,4
"REFLECT SCIENTIFIC, INC.",1
TELEMETRIX INC,4
KEYSTONE CONSOLIDATED INDUSTRIES INC,1
LEAP WIRELESS INTERNATIONAL INC,2
PHOENIX FOOTWEAR GROUP INC,4
IGENE BIOTECHNOLOGY INC,1
"CHUMA HOLDINGS, INC.",3
CAPSOURCE FINANCIAL INC,3
Paladin Holdings Inc/FL,1
"IndiePub Entertainment, Inc.",1
MULTIBAND CORP,4
"Minerco, Inc.",3
"Nano Mobile Healthcare, Inc.",3
GENERAL DATACOMM INDUSTRIES INC,1
LIGHTING SCIENCE GROUP CORP,1
Casablanca Mining Ltd.,3
"China Natural Gas, Inc.",1
DEER VALLEY CORP,4
MEDICAL SOLUTIONS MANAGEMENT INC.,4
SCIENTIFIC INDUSTRIES INC,3
GOLD RESOURCE CORP,0
ITRONICS INC,1
ETERNITY HEALTHCARE INC.,3
"Xfuels, Inc.",3
"DETERMINE, INC.",0
HIGH PERFORMANCE BEVERAGES CO.,3
Ilustrato Pictures International Inc.,3
ALANCO TECHNOLOGIES INC,1
IDI GLOBAL INC,1
ELECTRONIC GAME CARD INC,4
"Rebel Group, Inc.",1
AMERICAN EAGLE ENERGY Corp,2
"China Health Industries Holdings, Inc.",1
"Cyberfort Software, Inc.",3
ENERCORP INC,1
"SolarWindow Technologies, Inc.",4
"IONIX TECHNOLOGY, INC.",1
ESCALON MEDICAL CORP,1
"China Digital Animation Development, Inc.",3
FIRMA HOLDINGS CORP.,1
CPC OF AMERICA INC,3
CARDIMA INC,3
"RADIANT LOGISTICS, INC",1
NXChain Inc.,1
NOBILITY HOMES INC,4
"EAUTOCLAIMS, INC",1
ENDEAVOUR INTERNATIONAL CORP,1
GOLDEN RIVER RESOURCES CORP.,4
AMERICAN DEFENSE SYSTEMS INC,3
LUB LIQUIDATING TRUST,0
ISONICS CORP,4
"Xun Energy, Inc.",3
"Echo Therapeutics, Inc.",4
APOGEE TECHNOLOGY INC,4
United Cannabis Corp,3
"Zoompass Holdings, Inc.",1
CADUCEUS SOFTWARE SYSTEMS CORP.,3
ROADHOUSE GRILL INC,4
COASTAL CARIBBEAN OILS & MINERALS LTD,3
"MultiCell Technologies, Inc.",1
LIGAND PHARMACEUTICALS INC,2
INFORMATION ARCHITECTS CORP,1
TRUE RELIGION APPAREL INC,2
"Medite Cancer Diagnostics, Inc.",4
"Greenhouse Solutions, Inc.",3
OAKRIDGE HOLDINGS INC,1
CHINACAST EDUCATION CORP,2
"ONCOVISTA INNOVATIVE THERAPIES, INC",1
Seven Arts Entertainment Inc.,1
LEXINGTON PRECISION CORP,1
Eco-Shift Power Corp.,1
"Global Warming Solutions, Inc.",3
ENOVA SYSTEMS INC,3
ENCORIUM GROUP INC,4
GREAT LAKES AVIATION LTD,4
"Silvan Industries, Inc.",3
"A1 Group, Inc.",1
"Sebring Software, Inc.",3
"CARDINAL RESOURCES, INC.",1
"CALIFORNIA GRAPES INTERNATIONAL, INC",3
MRV COMMUNICATIONS INC,1
"SUPERNUS PHARMACEUTICALS, INC.",4
"VR Holdings, Inc.",3
"ARtelligence Holdings, Inc.",3
Aeon Global Health Corp.,1
Resolute Forest Products Inc.,1
Samson Oil & Gas LTD,1
MICHAEL BAKER CORP,2
SARATOGA RESOURCES INC /TX,3
"Lotus Pharmaceuticals, Inc.",3
HELIX BIOMEDIX INC,3
"Eventure Interactive, Inc.",3
"Panache Beverage, Inc.",3
NON INVASIVE MONITORING SYSTEMS INC /FL/,4
DAC TECHNOLOGIES GROUP INTERNATIONAL INC,4
"L & L ENERGY, INC.",4
"Sonnet BioTherapeutics Holdings, Inc.",4
Madison Technologies Inc.,3
SPANISH BROADCASTING SYSTEM INC,1
RASER TECHNOLOGIES INC,0
BLUE DOLPHIN ENERGY CO,1
Function(x) Inc.,4
"Highpower International, Inc.",1
LIBERTY ENERGY CORP.,1
COMPOSITE TECHNOLOGY CORP,4
"Shiner International, Inc.",1
"Zero Gravity Solutions, Inc.",3
EROOMSYSTEM TECHNOLOGIES INC,4
UNITED STATES CELLULAR CORP,2
Savoy Energy Corp,3
ERHC Energy Inc,4
TELKONET INC,4
HydroGen CORP,3
VLOV INC.,1
SOFTECH INC,4
COMVERSE TECHNOLOGY INC/NY/,1
"ABAKAN, INC",3
SMOKY MARKET FOODS INC,1
TRANSAKT LTD.,3
CYANOTECH CORP,4
FRIEDMAN INDUSTRIES INC,2
"China CGame, Inc.",1
MERGE HEALTHCARE INC,2
ADVANCED OPTICS ELECTRONICS INC,1
ENXNET INC,1
BUTLER INTERNATIONAL INC /MD/,4
CALL NOW INC,4
MATECH Corp.,4
TELESTONE TECHNOLOGIES CORP,1
"GreenHunter Resources, Inc.",4
"JRjr33, Inc.",1
"CMG HOLDINGS GROUP, INC.",1
"UAN CULTURAL & CREATIVE CO., LTD.",1
"Riley Exploration Permian, Inc.",4
"ENVIRONMENTAL SERVICE PROFESSIONALS, INC.",3
ONELINK CORP,3
NXT Energy Solutions Inc.,3
"WORLDSTAR ENERGY, CORP.",1
TELEPHONE & DATA SYSTEMS INC /DE/,2
"GLOBAL 8 ENVIRONMENTAL TECHNOLOGIES, INC.",1
"Sorrento Therapeutics, Inc.",4
"Plandai Biotechnology, Inc.",3
FIRST LOOK MEDIA INC,1
SKYSTAR BIO-PHARMACEUTICAL CO,3
"ACI WORLDWIDE, INC.",1
SWISSINSO HOLDING INC.,3
PFSWEB INC,4
"WEED, INC.",3
GATEWAY ENERGY CORP/NE,1
MILLENNIUM HEALTHCARE INC.,1
"Crexendo, Inc.",4
"HILLTOP ENERGY, LLC.",4
"Sun Cal Energy , Inc.",1
LIME ENERGY CO.,4
"VHGI HOLDINGS, INC.",3
"KRATOS DEFENSE & SECURITY SOLUTIONS, INC.",2
STEREO VISION ENTERTAINMENT INC,3
Swisher Hygiene Inc.,1
"MVC CAPITAL, INC.",1
"INTERCLOUD SYSTEMS, INC.",1
"Sonus, Inc.",0
QKL Stores Inc.,1
Kedem Pharmaceuticals Inc.,4
Integrated Healthcare Holdings Inc,1
SECURED SERVICES INC,1
"Blueknight Energy Partners, L.P.",2
"ENERGY HOLDINGS INTERNATIONAL, INC.",3
Live Current Media Inc.,1
Eagle Ford Oil & Gas Corp,3
"Legal Life Plans, Inc.",3
"GeoEye, Inc.",4
CHINA EDUCATION ALLIANCE INC.,3
"ETELOS, INC.",4
FINISAR CORP,1
"AeroGrow International, Inc.",4
International Stem Cell CORP,1
"Clearpoint Business Resources, Inc",1
"WESTMOUNTAIN GOLD, INC.",1
"Royal Energy Resources, Inc.",0
XcelMobility Inc.,3
"General Moly, Inc",3
AXESSTEL INC,1
CRYO CELL INTERNATIONAL INC,4
George Foreman Enterprises Inc,1
"Meet Group, Inc.",2
AMERICAN ORIENTAL BIOENGINEERING INC,3
"ENDEAVOR IP, INC.",3
"EXPERIENCE ART & DESIGN, INC.",1
AMERICAN MEDICAL TECHNOLOGIES INC/DE,4
AES CORP,2
Hubei Minkang Pharmaceutical Ltd.,3
MobileBits Holdings Corp,1
NETSOL TECHNOLOGIES INC,4
IRIDEX CORP,4
KRONOS ADVANCED TECHNOLOGIES INC,4
"EC Development, Inc.",4
COM GUARD COM INC,1
ACT TELECONFERENCING INC,4
HAIN CELESTIAL GROUP INC,1
Umami Sustainable Seafood Inc.,3
SIGMATRON INTERNATIONAL INC,4
"PETROSONIC ENERGY, INC.",3
EnzymeBioSystems,3
"Retail Pro, Inc.",4
"JAMBA, INC.",1
"INTERCORE ENERGY, INC.",3
TISSERA INC,3
SOUTH TEXAS OIL CO,3
MOBIVITY HOLDINGS CORP.,1
"LEARNING TREE INTERNATIONAL, INC.",0
Alamo Energy Corp.,3
AMCON DISTRIBUTING CO,1
"ARTVENTIVE MEDICAL GROUP, INC.",3
IRONCLAD ENCRYPTION Corp,4
EMARINE GLOBAL INC.,3
MusclePharm Corp,4
SPOT MOBILE INTERNATIONAL LTD.,1
LianDi Clean Technology Inc.,3
Quadrant 4 System Corp,1
"ProPhase Labs, Inc.",4
SPECTRUM PHARMACEUTICALS INC,0
SIMON WORLDWIDE INC,4
"AXON ENTERPRISE, INC.",4
"Childrens Place, Inc.",0
New Western Energy Corp,3
"COUPON EXPRESS, INC.",4
"Air Transport Services Group, Inc.",2
"NMI Health, Inc.",1
ELECTRONICS FOR IMAGING INC,1
"MILLER ENERGY RESOURCES, INC.",2
Regional Brands Inc.,4
"Emmaus Life Sciences, Inc.",1
POWER INTEGRATIONS INC,2
NOVADEL PHARMA INC,3
"CROSS BORDER RESOURCES, INC.",3
GLOBAL AXCESS CORP,4
CARRIZO OIL & GAS INC,2
LINK GROUP INC,1
"ENERGY QUEST, INC.",4
Urban Barns Foods Inc.,1
"LANDMARK ENERGY ENTERPRISE, INC.",3
XCPCNL Business Services Corp,3
NEOMAGIC CORP,1
PACIFIC CMA INC,4
GELSTAT CORP,3
Spartan Gold Ltd.,1
Liberty Coal Energy Corp.,3
CytoDyn Inc.,4
INTERLINK ELECTRONICS INC,0
Santaro Interactive Entertainment Co,3
"CHINA GENGSHENG MINERALS, INC.",3
AFP IMAGING CORP,4
"Star Mountain Resources, Inc.",1
"SunVault Energy, Inc.",3
"HANGER, INC.",2
"PROGRESSIVE GREEN SOLUTIONS, INC.",1
TEREX CORP,2
MERISEL INC /DE/,4
MAXIM INTEGRATED PRODUCTS INC,1
MAXXAM INC,0
ADVANCED ENVIRONMENTAL RECYCLING TECHNOLOGIES INC,4
EBIX INC,1
"Pro Farm Group, Inc.",1
HANDY & HARMAN LTD.,3
"ADVANCED DRAINAGE SYSTEMS, INC.",2
INGLES MARKETS INC,2
Falconridge Oil Technologies Corp.,3
KESTREL ENERGY INC,4
DGT Holdings Corp.,1
ANTS SOFTWARE INC,2
GEE Group Inc.,4
"Artec Global Media, Inc.",1
COHERENT INC,1
"VOLT INFORMATION SCIENCES, INC.",0
NORAM CAPITAL HOLDINGS,4
MATERIAL SCIENCES CORP,2
CROWN ENERGY CORP,3
SCHAWK INC,1
"PDC ENERGY, INC.",2
AMEXDRUG CORP,1
BREEZE-EASTERN LLC,4
808 RENEWABLE ENERGY CORP,3
"GREENWOOD HALL, INC.",1
UNITED ENERGY CORP /NV/,1
DRI CORP,4
"Manuka, Inc.",1
"OCTAGON 88 RESOURCES, INC.",3
Motomova Inc,3
Gas Natural Inc.,2
"Electronic Cigarettes International Group, Ltd.",3
VITAL LIVING INC,4
NATURADE INC,1
Eagle Mountain Corp,1
OM GROUP INC,2
WHITEWING ENVIRONMENTAL CORP,1
"American Wenshen Steel Group, Inc.",3
Garnero Group Acquisition Co,2
China Shuangji Cement Ltd.,3
"CLST HOLDINGS, INC.",0
VITESSE SEMICONDUCTOR CORP,1
PROSPECT CAPITAL CORP,2
QUICKSILVER RESOURCES INC,0
"Spok Holdings, Inc",2
"ZIFF DAVIS, INC.",2
"MoneyOnMobile, Inc.",3
INSIGHT ENTERPRISES INC,4
JPX Global Inc.,3
"MONDIAL VENTURES, INC.",4
FAR EAST ENERGY CORP,1
CARMIKE CINEMAS INC,2
ON STAGE ENTERTAINMENT INC,1
"First Choice Healthcare Solutions, Inc.",1
HUDSON TECHNOLOGIES INC /NY,4
MTR GAMING GROUP INC,0
"MIMEDX GROUP, INC.",1
REUNION INDUSTRIES INC,4
"HARVEST NATURAL RESOURCES, INC.",0
SILVERSTAR HOLDINGS LTD,1
OAKRIDGE ENERGY INC,4
AQUIS COMMUNICATIONS GROUP INC,4
"RED MOUNTAIN RESOURCES, INC.",1
HOLIDAY RV SUPERSTORES INC,4
Alliance Distributors Holding Inc.,4
VECTOR GROUP LTD,2
"COIL TUBING TECHNOLOGY, INC.",4
DAILY JOURNAL CORP,0
SHFL entertainment Inc.,4
BLACK BOX CORP,0
WORLDGATE COMMUNICATIONS INC,2
"China Shandong Industries, Inc.",1
"STERLING INFRASTRUCTURE, INC.",1
ULTRALIFE CORP,2
New Oriental Energy & Chemical Corp.,3
LEGAL ACCESS TECHNOLOGIES INC,3
ATP OIL & GAS CORP,1
"Fuel Systems Solutions, Inc.",4
STAAR SURGICAL CO,2
SCHMITT INDUSTRIES INC,1
ONASSIS HOLDINGS CORP.,3
VIEWCAST COM INC,1
BURST COM INC,3
LAKELAND INDUSTRIES INC,2
XZERES Corp.,3
PERFECTENERGY INTERNATIONAL LTD,1
NANOBAC PHARMACEUTICALS INC,1
INTERPHARM HOLDINGS INC,4
GOLDSANDS DEVELOPMENT CO,3
GLOBAL PAYMENT TECHNOLOGIES INC,1
JEWETT CAMERON TRADING CO LTD,1
FROZEN FOOD EXPRESS INDUSTRIES INC,0
Hongli Clean Energy Technologies Corp.,3
Solar Gold Ltd,3
MILLER INDUSTRIES INC /TN/,4
"Ocata Therapeutics, Inc.",2
"Volcan Holdings, Inc.",3
INYX INC,4
CHINA NORTH EAST PETROLEUM HOLDINGS LTD,2
"CV Sciences, Inc.",0
IXIA,2
FRANKLIN WIRELESS CORP,3
"RENOVARE ENVIRONMENTAL, INC.",1
RORINE INTERNATIONAL HOLDING Corp,3
SERVICE CORP INTERNATIONAL,4
URANERZ ENERGY CORP.,2
GMX RESOURCES INC,4
"Fenix Parts, Inc.",4
"GRIZZLY MERGER SUB 1, LLC",2
CROWN CRAFTS INC,1
NAKED BRAND GROUP INC.,3
KAOPU GROUP INC,3
"AVIAT NETWORKS, INC.",1
"ARROWHEAD PHARMACEUTICALS, INC.",4
LAW ENFORCEMENT ASSOCIATES CORP,1
HEI INC,4
MAGNACHIP SEMICONDUCTOR Corp,1
"Corindus Vascular Robotics, Inc.",2
Xhibit Corp.,3
VYCOR MEDICAL INC,1
"InnovaQor, Inc.",4
"Third Coast Midstream, LLC",4
Sky Harvest Energy Corp.,4
"Yew Bio-Pharm Group, Inc.",3
Lustros Inc,3
GSV INC,4
"MEDIA TECHNOLOGIES, INC.",3
VOXX International Corp,4
"Advanzeon Solutions, Inc.",1
HAWAIIAN HOLDINGS INC,2
LUCILLE FARMS INC,3
ALERE INC.,4
"Avant Diagnostics, Inc",1
Sealand Natural Resources Inc,3
COMMAND SECURITY CORP,4
CIRCOR INTERNATIONAL INC,4
Everi Holdings Inc.,2
"UNIVERSITY GENERAL HEALTH SYSTEM, INC.",4
"Tiger Oil & Energy, Inc.",3
SAFE TECHNOLOGIES INTERNATIONAL INC,4
"Sector 5, Inc.",3
"Hawkeye Acquisition, Inc.",1
SIGMA DESIGNS INC,4
"Ultra Clean Holdings, Inc.",2
CUBIC CORP /DE/,4
"Stratex Oil & Gas Holdings, Inc.",3
QUOTEMEDIA INC,4
Hangover Joe's Holding Corp,1
Imerjn Inc.,3
Infinera Corp,4
"CCOM Group, Inc.",4
KOLORFUSION INTERNATIONAL INC,1
PERICOM SEMICONDUCTOR CORP,4
GLOBALSCAPE INC,4
Spy Inc.,1
"Omnimmune Holdings, Inc.",1
"HARBOR DIVERSIFIED, INC.",2
"POWER SOLUTIONS INTERNATIONAL, INC.",1
STAGE STORES INC,1
OSI SYSTEMS INC,2
"PAR PACIFIC HOLDINGS, INC.",4
"TSIC, Inc.",2
STAR BUFFET INC,3
SunOpta Inc.,0
"EWaste Systems, Inc.",3
"S2C GLOBAL SYSTEMS, INC.",3
"Rackwise, Inc.",3
Puramed Bioscience Inc.,3
American Energy Development Corp.,3
ASPYRA INC,4
"Image Chain Group Limited, Inc.",3
"TAMIR BIOTECHNOLOGY, INC.",4
CIRCLE STAR ENERGY CORP.,4
Scio Diamond Technology Corp,1
"TSS, Inc.",1
T5 Corp.,3
VERINT SYSTEMS INC,2
META MATERIALS INC.,4
Median Group Inc,3
KANSAS CITY SOUTHERN,0
EVCI Career Colleges Holding Corp,4
IEC ELECTRONICS CORP,4
AEROSONIC CORP /DE/,1
"Cryoport, Inc.",2
BARRETT BUSINESS SERVICES INC,2
Sutor Technology Group LTD,4
"Ameritek Ventures, Inc.",3
INTEGRAL TECHNOLOGIES INC,3
INTERNATIONAL RECTIFIER CORP /DE/,1
Consolidated Water Co. Ltd.,2
"RICHARDSON ELECTRONICS, LTD.",2
SAPIENT CORP,2
"Real Goods Solar, Inc.",0
Organic Sales & Marketing Inc,4
Renewable Fuel Corp,3
INSTEEL INDUSTRIES INC,1
ELECTRONIC CONTROL SECURITY INC,1
"ALABAMA AIRCRAFT INDUSTRIES, INC",4
"RenovaCare, Inc.",4
"PROVECTUS BIOPHARMACEUTICALS, INC.",0
NATUS MEDICAL INC,2
PRINCETON REVIEW INC,0
DIVERSIFIED CORPORATE RESOURCES INC,3
SEMTECH CORP,4
Yayi International Inc,4
EXTREME NETWORKS INC,1
"TTEC Holdings, Inc.",0
TECH DATA CORP,1
"GOLDEN ENTERTAINMENT, INC.",2
Green Automotive Co,1
Eastern Environment Solutions Corp.,4
DANA Inc,2
Advantego Corp,3
"Quantum Medical Transport, Inc.",3
SAN HOLDINGS INC,4
VASO Corp,4
"JOEY NEW YORK, INC.",3
NAMI Corp.,3
URANIUM ENERGY CORP,2
"Purple Innovation, Inc.",0
Actua Corp,0
ELCOM INTERNATIONAL INC,1
TOROTEL INC,4
Lotus Bio-Technology Development Corp.,4
Virtus Oil & Gas Corp.,3
"Pharma-Bio Serv, Inc.",3
LIVEPERSON INC,0
CLARION TECHNOLOGIES INC/DE/,1
THERMODYNETICS INC,4
HOOKER FURNISHINGS Corp,2
STORAGE COMPUTER CORP,4
LONGWEI PETROLEUM INVESTMENT HOLDING LTD,1
"Porter Holding International, Inc.",3
"Diversified Restaurant Holdings, Inc.",1
WESTERN POWER & EQUIPMENT CORP,4
CHINA MEDIA INC.,3
EQUUS GAMING CO LP,4
San Lotus Holding Inc,0
IMMERSION CORP,0
American Standard Energy Corp.,0
"OPKO HEALTH, INC.",2
INTEGRA LIFESCIENCES HOLDINGS CORP,4
ENTRADA NETWORKS INC,4
North American Oil & Gas Corp.,3
SYCAMORE NETWORKS INC,0
UNI CORE HOLDINGS CORP,1
"SUNEDISON, INC.",2
WORKSTREAM INC,4
Internap Corp,4
Pingtan Marine Enterprise Ltd.,4
"Notis Global, Inc.",4
"WATCHIT MEDIA, INC.",4
BSD Medical Corp,4
"Targeted Medical Pharma, Inc.",1
Texas Mineral Resources Corp.,1
"Alta Mesa Resources, Inc. /DE",0
YUS INTERNATIONAL GROUP Ltd,1
DAXOR CORP,4
Tribute Pharmaceuticals Canada Inc.,4
VISKASE COMPANIES INC,4
Annec Green Refractories Corp,3
ALLIANCE PHARMACEUTICAL CORP.,4
"XURA, INC.",4
STARRETT L S CO,0
Nudg Media Inc.,3
ProPetro Holding Corp.,4
SPIRE Corp,4
AEP INDUSTRIES INC,4
Oilsands Quest Inc,2
CPI CORP,4
Liberty Gold Corp.,4
"BLUE CALYPSO, INC.",3
TECUMSEH PRODUCTS CO,1
"DAYBREAK OIL & GAS, INC.",4
INTEGRATED SILICON SOLUTION INC,2
SUNLINK HEALTH SYSTEMS INC,4
AMERITRANS CAPITAL CORP,4
WESTERN SIZZLIN CORP,4
"CHINA YIDA HOLDING, CO.",4
EINSTEIN NOAH RESTAURANT GROUP INC,1
"DELTA AIR LINES, INC.",4
LONGPORT INC,4
Spiral Toys Inc.,3
BP PRUDHOE BAY ROYALTY TRUST,0
Sable Natural Resources Corp,4
ABLE ENERGY INC,4
SSI INTERNATIONAL LTD,3
"Rangeford Resources, Inc.",3
Innovation Pharmaceuticals Inc.,4
PEER REVIEW MEDIATION & ARBITRATION INC,3
WORLD WIRELESS COMMUNICATIONS INC,3
COMPASS MINERALS INTERNATIONAL INC,0
NATIONAL PRESTO INDUSTRIES INC,1
EDAC TECHNOLOGIES CORP,1
"InfuSystem Holdings, Inc",4
MISONIX INC,0
"Windstream Technologies, Inc.",4
SOLOMON TECHNOLOGIES INC,1
"ALICO, INC.",0
OBN HOLDINGS INC,3
"SweeGen, Inc.",1
AMBER RESOURCES CO OF COLORADO,4
WABASH NATIONAL Corp,2
"TIANYIN PHARMACEUTICAL CO., INC.",1
"Identiv, Inc.",2
"ORMAT TECHNOLOGIES, INC.",2
"Arq, Inc.",1
DENTSPLY SIRONA Inc.,4
AMTECH SYSTEMS INC,2
BLACK HAWK EXPLORATION,3
STEELCLOUD INC,4
CRIMSON EXPLORATION INC.,1
"CHINA SHEN ZHOU MINING & RESOURCES, INC.",4
WORLD HEALTH ALTERNATIVES INC,1
"Catalent, Inc.",1
"DIGUANG INTERNATIONAL DEVELOPMENT CO., LTD.",1
RAMBUS INC,2
First National Energy Corp.,3
MAXWELL TECHNOLOGIES INC,2
China XD Plastics Co Ltd,4
BION ENVIRONMENTAL TECHNOLOGIES INC,4
Encompass Health Corp,2
ENGLISH LANGUAGE LEARNING & INSTRUCTION SYSTEM INC,1
DYNACQ HEALTHCARE INC,4
"INTERPUBLIC GROUP OF COMPANIES, INC.",2
MEDIABAY INC,3
INNERWORKINGS INC,4
FOSTER WHEELER AG,4
"NET TALK.COM, INC.",3
MARIMED INC.,4
AMBIENT CORP /NY,1
NUVIM INC,1
MODTECH HOLDINGS INC,1
DESIGN WITHIN REACH INC,0
VERISIGN INC/CA,1
CECO ENVIRONMENTAL CORP,2
LOGITECH INTERNATIONAL S.A.,0
"Massive Interactive, Inc.",3
IBSG INTERNATIONAL INC,3
"TWIN VEE POWERCATS, INC.",1
"AVT, Inc.",1
LIFEPOINT INC,4
Cytosorbents Corp,1
CTI GROUP HOLDINGS INC,4
"Cellular Biomedicine Group, Inc.",2
"Montvale Technologies, Inc.",3
"TYME TECHNOLOGIES, INC.",4
Unilife Corp,4
TOWERSTREAM CORP,0
PEDEVCO CORP,4
"Global Vision Holdings, Inc.",3
"GLORYWIN ENTERTAINMENT GROUP, INC.",3
INTERLEUKIN GENETICS INC,0
ENERGAS RESOURCES INC,3
SPECTRASCIENCE INC,4
"OFFICIAL PAYMENTS HOLDINGS, INC.",2
ATMEL CORP,2
COMARCO INC,4
GRANITE CONSTRUCTION INC,1
"UNITED RENTALS, INC.",2
"SPINDLE, INC.",1
VetaNova Inc.,3
ELITE PHARMACEUTICALS INC /NV/,0
NAVISTAR INTERNATIONAL CORP,2
DATASCENSION INC,1
VALENCE TECHNOLOGY INC,3
STANDARD MANAGEMENT CORP,4
"EMAV Holdings, Inc.",3
MESTEK INC,4
FARMER BROTHERS CO,0
Buscar Co,3
American Sands Energy Corp.,3
AVAX TECHNOLOGIES INC,1
PDG ENVIRONMENTAL INC,4
AXCESS INTERNATIONAL INC/TX,4
"CHINA GREEN MATERIAL TECHNOLOGIES, INC.",1
TAKE TWO INTERACTIVE SOFTWARE INC,2
STONEPATH GROUP INC,0
PAR TECHNOLOGY CORP,2
Healthier Choices Management Corp.,1
FREDS INC,2
"FrogAds, Inc.",4
ANDREA ELECTRONICS CORP,4
"Staffing Group, Ltd.",3
"IXYS, LLC",2
SANMINA CORP,2
LANXESS Solutions US Inc.,2
"FUEL PERFORMANCE SOLUTIONS, INC.",4
"QS Energy, Inc.",3
"ANTARES PHARMA, INC.",4
CUTERA INC,4
DIVERSIFIED THERMAL SOLUTIONS INC,1
LEXON INC/OK,3
TASKER PRODUCTS CORP,1
"ATRM Holdings, Inc.",4
Measurement Specialties Inc,2
PUBLIX SUPER MARKETS INC,0
Amwest Imaging Inc,3
MIPS TECHNOLOGIES INC,2
"Heavy Earth Resources, Inc.",1
ORBIT INTERNATIONAL CORP,4
"Tianci International, Inc.",1
ROSEDALE DECORATIVE PRODUCTS LTD,4
HARTE HANKS INC,0
GALECTIN THERAPEUTICS INC,4
ZUNICOM INC,4
TigerLogic CORP,4
PRO DEX INC,4
"Empowered Products, Inc.",1
OVERSEAS SHIPHOLDING GROUP INC,1
"ITERIS, INC.",2
JOSHUA GOLD RESOURCES INC,1
MGC DIAGNOSTICS Corp,4
RIVIERA TOOL CO,1
Jade Art Group Inc.,4
CANTERBURY CONSULTING GROUP INC,1
"Ruby Creek Resources, Inc.",3
"6D Global Technologies, Inc",1
PACIFICHEALTH LABORATORIES INC,4
Optex Systems Holdings Inc,3
BRIDGFORD FOODS CORP,4
BROCADE COMMUNICATIONS SYSTEMS INC,2
ZaZa Energy Corp,4
Erin Energy Corp.,2
"Trio Resources, Inc.",1
"National American University Holdings, Inc.",3
NEXT INC/TN,1
CALGON CARBON Corp,2
ENCISION INC,3
HERBALIFE LTD.,0
EACO CORP,4
THEGLOBE COM INC,4
AXIALL CORP/DE/,2
ENERGY & TECHNOLOGY CORP.,1
"China Dongsheng International, Inc.",3
QEP CO INC,1
AXT INC,4
INTERNET AMERICA INC,4
CORGENIX MEDICAL CORP/CO,4
IMPRESO INC,3
Aziel Corp.,3
"XENONICS HOLDINGS, INC.",4
"IES Holdings, Inc.",2
COMTECH TELECOMMUNICATIONS CORP /DE/,1
VOICE MOBILITY INTERNATIONAL INC,1
PC TEL INC,2
Arem Pacific Corp,3
MARGO CARIBE INC,4
MEZABAY INTERNATIONAL INC.,4
WEIS MARKETS INC,2
NXXI Inc.,0
RTI INTERNATIONAL METALS INC,2
KMG CHEMICALS INC,2
BROADVISION INC,4
China PharmaHub Corp.,3
"Blue Earth, Inc.",2
AMERICAS CARMART INC,4
eFleets Corp,3
HEMACARE CORP /CA/,4
"OxySure Therapeutics, Inc.",1
"China BCT Pharmacy Group, Inc.",1
"Perfumania Holdings, Inc.",4
SED INTERNATIONAL HOLDINGS INC,1
BRIGHTSTAR INFORMATION TECHNOLOGY GROUP INC,4
BUTLER NATIONAL CORP,1
CHECKPOINT SYSTEMS INC,0
"Coeur Mining, Inc.",4
LORAL SPACE & COMMUNICATIONS INC.,0
EVOLUTION PETROLEUM CORP,1
"REGO PAYMENT ARCHITECTURES, INC.",3
"Xtant Medical Holdings, Inc.",1
IPARTY CORP,4
WIRELESS XCESSORIES GROUP INC,4
China Ritar Power Corp.,3
"Diadexus, Inc.",0
SONIC FOUNDRY INC,1
ENERGY FUELS INC,2
INTERNATIONAL BALER CORP,4
LENNOX INTERNATIONAL INC,0
INTERNATIONAL BARRIER TECHNOLOGY INC,1
"Atlas Energy Group, LLC",0
Max Sound Corp,1
VERSAR INC,1
"GOLD ROCK HOLDINGS, INC.",1
"FORRESTER RESEARCH, INC.",1
Vertex Energy Inc.,4
DAEGIS INC.,4
"RECYCLING ASSET HOLDINGS, INC.",4
DEWEY ELECTRONICS CORP,4
HANCOCK FABRICS INC,0
HOOPER HOLMES INC,0
LESCARDEN INC,4
CHINA GLOBAL MEDIA INC,1
INNOTRAC CORP,1
ZYGO CORP,4
TEAM AMERICA INC,1
SPEEDUS CORP,1
ZHEN DING RESOURCES INC.,1
PACE MEDICAL INC,3
"Simulations Plus, Inc.",4
JACK HENRY & ASSOCIATES INC,4
ASCENT INDUSTRIES CO.,1
"Pediatrix Medical Group, Inc.",1
HEMAGEN DIAGNOSTICS INC,1
EL CAPITAN PRECIOUS METALS INC,3
AF OCEAN INVESTMENT MANAGEMENT Co,2
Turtle Beach Corp,4
"CHANGING TECHNOLOGIES, INC.",1
"Well Power, Inc.",3
FLUOR CORP,1
HERC HOLDINGS INC,1
RELIABRAND INC.,1
"ISUN, INC.",1
SANDRIDGE ENERGY INC,4
HMS HOLDINGS CORP,2
Uniontown Energy Inc.,1
VERSO TECHNOLOGIES INC,0
"AMERICAN SCIENCE & ENGINEERING, INC.",2
"BLACKCRAFT CULT, INC.",3
Energy Services of America CORP,2
CHEESECAKE FACTORY INC,2
NOBLE ROMANS INC,4
LAYNE CHRISTENSEN CO,4
"Heron Lake BioEnergy, LLC",4
GENERAL CABLE CORP /DE/,2
HAMPSHIRE GROUP LTD,4
"20230930-DK-Butterfly-1, Inc.",2
"SUBAYE, INC.",3
LEVCOR INTERNATIONAL INC,4
"Speed Commerce, Inc.",4
CALAVO GROWERS INC,2
SHAW GROUP INC,4
TRANSTECH INDUSTRIES INC,3
"RLJ ENTERTAINMENT, INC.",4
WEST MARINE INC,2
"XPO, Inc.",4
"Premier Power Renewable Energy, Inc.",1
"Rio Bravo Oil, Inc.",3
SINO SHIPPING HOLDINGS INC.,1
"ITRON, INC.",0
EMPIRE RESORTS INC,4
STANDARD DIVERSIFIED INC.,1
"VGTel, Inc.",1
SUNPOWER CORP,4
"ENERGY TODAY, INC.",3
"WAGEWORKS, INC.",1
CORETEC GROUP INC.,3
AGILYSYS INC,2
COVISTA COMMUNICATIONS INC,3
LOUD TECHNOLOGIES INC,4
PEP BOYS MANNY MOE & JACK,4
XTREME GREEN ELECTRIC VEHICLES INC.,3
KAISER GROUP HOLDINGS INC,4
"Armco Metals Holdings, Inc.",1
"Talon Therapeutics, Inc.",4
NATURES SUNSHINE PRODUCTS INC,4
China Auto Logistics Inc,1
STEIN MART INC,0
"MISCOR GROUP, LTD.",4
SES SOLAR INC.,1
"GROW SOLUTIONS HOLDINGS, INC.",3
"Pressburg, LLC",0
SIMTROL INC,1
"AEMETIS, INC",2
ZHONGPIN INC.,4
"RAINBOW INTERNATIONAL, CORP.",3
NORTEK INC,2
"AVANIR PHARMACEUTICALS, INC.",2
"Northrop Grumman Innovation Systems, Inc.",0
MATRIX SERVICE CO,4
"ABV CONSULTING, INC.",4
AMJ Global Technology,3
"CHINA GEWANG BIOTECHNOLOGY, INC.",3
Spansion Inc.,2
"Inrad Optics, Inc.",4
MINES MANAGEMENT INC,4
"UnifiedOnline, Inc.",3
Energy XXI Ltd,1
INNOVATIVE CARD TECHNOLOGIES INC,3
"Innoveren Scientific, Inc.",3
GENCO SHIPPING & TRADING LTD,2
Ernexa Therapeutics Inc.,0
"As Seen On TV, Inc.",3
OHA Investment Corp,0
"TERRAFORM GLOBAL, INC.",2
"Puda Coal, Inc.",2
"Apptigo International, Inc.",3
3CI COMPLETE COMPLIANCE CORP,4
ASURE SOFTWARE INC,2
CONNS INC,4
AMERICAN PACIFIC CORP,2
"PDL BIOPHARMA, INC.",0
INTERNATIONAL LOTTERY & TOTALIZATOR SYSTEMS INC,4
"COPsync, Inc.",3
GIANT GROUP LTD,4
Symmetry Medical Inc.,4
CORDIA CORP,4
"COMMERCE ENERGY GROUP, INC.",4
INTEGRAL VISION INC,4
MOCON INC,4
"GOLD HILLS MINING, LTD.",3
"Webxu, Inc.",3
GOODYEAR TIRE & RUBBER CO /OH/,4
"NOVA BIOSOURCE FUELS, INC.",3
"OSIRIS THERAPEUTICS, INC.",4
TTC Technology Corp,4
MOSAIC CO,4
"HW Holdings, Inc.",3
Mobile Lads Corp,4
SIMCLAR INC,4
"Saleen Automotive, Inc.",1
VISTEON CORP,2
AZZ INC,4
TECHNICAL COMMUNICATIONS CORP,4
"CareDx, Inc.",2
"China De Xiao Quan Care Group Co., Ltd",3
SENTRY TECHNOLOGY CORP,4
"BONAMOUR, INC.",1
ENTEGRIS INC,2
APOLLO EDUCATION GROUP INC,2
"Pulse Network, Inc.",3
ENTRAVISION COMMUNICATIONS CORP,1
"Autodesk, Inc.",2
AUTO GRAPHICS INC,4
"CHEMBIO DIAGNOSTICS, INC.",4
"EPL OIL & GAS, INC.",0
"Armata Pharmaceuticals, Inc.",4
STOCKERYALE INC,4
"STANDARD MOTOR PRODUCTS, INC.",4
"NRG ENERGY, INC.",4
GLOBAL TECHNOLOGIES LTD,4
Gaming Partners International CORP,1
VITALSTATE INC,4
VEECO INSTRUMENTS INC,1
H&R BLOCK INC,2
SAVIENT PHARMACEUTICALS INC,0
"BIO-RAD LABORATORIES, INC.",4
ALASKA COMMUNICATIONS SYSTEMS GROUP INC,4
"ClearStory Systems, Inc.",4
Remote Dynamics Inc,4
"REMEDENT, INC.",3
STW RESOURCES HOLDING CORP.,1
CROWN MEDIA HOLDINGS INC,2
ELXSI CORP /DE//,1
SMG Industries Inc.,1
"MetaStat, Inc.",1
"Truett-Hurst, Inc.",1
SIELOX INC,4
SCO GROUP INC,4
"MUSTANG ALLIANCES, INC.",3
EDUCATIONAL DEVELOPMENT CORP,4
PRIMAL SOLUTIONS INC,4
Andatee China Marine Fuel Services Corp,1
"Inspired Entertainment, Inc.",4
ASIA TIME CORP,1
NN INC,4
"Revolution Lighting Technologies, Inc.",2
BEAZER HOMES USA INC,1
MAD CATZ INTERACTIVE INC,1
"ONE Group Hospitality, Inc.",2
"UBIQUITY, INC.",3
ENZO BIOCHEM INC,1
EVANS & SUTHERLAND COMPUTER CORP,4
SHENANDOAH TELECOMMUNICATIONS CO/VA/,2
"Latitude Solutions, Inc.",3
ASTEC INDUSTRIES INC,2
"Manitex International, Inc.",2
TRANSCAT INC,4
SL INDUSTRIES INC,3
"MedAvail Holdings, Inc.",1
"Rand Logistics, Inc.",4
LOJACK CORP,1
FULLNET COMMUNICATIONS INC,4
"CORELOGIC, INC.",2
WESTERN DIGITAL CORP,2
LICT Corp,4
TRANS INDUSTRIES INC,4
CREDIT ONE FINANCIAL INC,3
LIBERATE TECHNOLOGIES,3
MONOLITHIC POWER SYSTEMS INC,2
CORINTHIAN COLLEGES INC,2
"Xcorporeal, Inc.",1
ALCO STORES INC,0
Bluforest Inc.,2
THOR INDUSTRIES INC,4
MORGANS FOODS INC,1
"Heart Tronics,",3
THERMOVIEW INDUSTRIES INC,1
NCR Voyix Corp,4
"CA, INC.",2
"AuraSound, Inc.",3
"PANDA ETHANOL, INC.",1
NASH FINCH CO,1
KEYNOTE SYSTEMS INC,4
"BROADWIND, INC.",4
ICAD INC,0
Entertainment Gaming Asia Inc.,4
Voip-pal.com Inc,1
CYBEX INTERNATIONAL INC,4
"POTASH AMERICA, INC.",4
HAWKINS INC,2
Lyynks Inc.,3
APPLIED NEUROSOLUTIONS INC,4
PLUG POWER INC,4
"NIVS IntelliMedia Technology Group, Inc.",1
MULLEN AUTOMOTIVE INC.,3
"AutoWeb, Inc.",0
MESA LABORATORIES INC /CO/,4
"Activision Blizzard, Inc.",1
Hoku Corp,4
"Cartesian, Inc.",4
"LUDWIG ENTERPRISES, INC.",3
"Golden Ally Lifetech Group, Inc.",1
DELTATHREE INC,4
UNIFIRST CORP,1
"PepperBall Technologies, Inc.",3
"FreightCar America, Inc.",0
"CHINA ORGANIC AGRICULTURE, INC.",3
"VERIFONE SYSTEMS, INC.",1
MONEYGRAM INTERNATIONAL INC,4
ACME COMMUNICATIONS INC,4
Nobilis Health Corp.,2
SCANNER TECHNOLOGIES CORP,4
Wendy's Co,2
WEX Inc.,2
DTE ENERGY CO,1
"United Airlines Holdings, Inc.",2
Nutrastar International Inc.,1
US GEOTHERMAL INC,2
DYADIC INTERNATIONAL INC,4
BRUKER CORP,2
PALL CORP,3
Great Lakes Dredge & Dock CORP,4
INTERNATIONAL WIRE GROUP INC,4
"FlexShopper, Inc.",4
RADVIEW SOFTWARE LTD,3
"P10 Industries, Inc.",0
"China Kangtai Cactus Bio-tech, Inc.",3
MEDICOR LTD,4
"NEXT FUEL, INC.",4
FIRSTENERGY CORP,4
ROTECH HEALTHCARE INC,4
Billerud Americas Corp,2
"Gulf United Energy, Inc.",1
"Bankrate, Inc.",0
"ZST Digital Networks, Inc.",1
"LOT78, INC.",1
PREMIER ENERGY CORP.,1
"Crocs, Inc.",1
GOODRICH PETROLEUM CORP,0
"POPEYES LOUISIANA KITCHEN, INC.",2
Laxai Pharma Ltd,1
ACCURAY INC,4
"Golden Elephant Glass Technology, Inc.",1
PATRICK INDUSTRIES INC,2
"ARO Liquidation, Inc.",0
"Veracity Management Global, Inc.",1
VISCOUNT SYSTEMS INC,3
ONLINE RESOURCES CORP,4
HARVARD BIOSCIENCE INC,1
MTS SYSTEMS CORP,0
Seneca Foods Corp,4
NII HOLDINGS INC,2
SMTC CORP,2
RESPONSE GENETICS INC,1
NATURAL GAS SERVICES GROUP INC,0
SYMMETRICOM INC,4
"AMKOR TECHNOLOGY, INC.",2
CHEYENNE RESOURCES CORP.,1
"Clear Skies Solar, Inc",1
CCA INDUSTRIES INC,1
"Track Group, Inc.",1
"IMMTECH PHARMACEUTICALS, INC.",0
ARTIFICIAL LIFE INC,1
"FUQI INTERNATIONAL, INC.",2
ROWE COMPANIES,4
BIG 5 SPORTING GOODS Corp,2
"ENLINK MIDSTREAM, INC.",4
"THT Heat Transfer Technology, Inc.",3
"MedClean Technologies, Inc.",4
INNOVATIVE SOLUTIONS & SUPPORT INC,4
LEGEND INTERNATIONAL HOLDINGS INC,0
"Conforce International, Inc.",1
"Ever-Glory International Group, Inc.",3
ADVANCE AUTO PARTS INC,1
DAWSON GEOPHYSICAL CO,0
"CHINA VALVES TECHNOLOGY, INC",2
PURE CYCLE CORP,0
INTRICON CORP,2
"Symbolic Logic, Inc.",1
"XA, INC.",1
PORTA SYSTEMS CORP,4
Orion Group Holdings Inc,4
NEW ENERGY SYSTEMS GROUP,4
JUNIPER NETWORKS INC,3
"Vitacost.com, Inc.",2
Mecklermedia Corp,0
GroveWare Technologies Ltd.,3
SLS INTERNATIONAL INC,4
MAGELLAN HEALTH INC,4
"Echo Automotive, Inc.",3
"Solo International, Inc",3
"Limbach Holdings, Inc.",2
ICU MEDICAL INC/DE,2
CORE MOLDING TECHNOLOGIES INC,2
"Drug Free Solution, Inc.",3
NEOPHOTONICS CORP,4
"Green St. Energy, Inc.",4
"MIX 1 LIFE, INC.",3
USA Synthetic Fuel Corp,3
"CAESARS HOLDINGS, INC.",4
SYKES ENTERPRISES INC,2
"Granite Falls Energy, LLC",1
Stagwell Inc,4
MEXICAN RESTAURANTS INC,4
"Oraco Resources, Inc.",3
IMPERIAL PETROLEUM RECOVERY CORP,1
"CHAMPIONS ONCOLOGY, INC.",1
Square Chain Corp.,3
KVH INDUSTRIES INC DE,4
VERTICAL HEALTH SOLUTIONS INC,1
U S PHYSICAL THERAPY INC /NV,2
VENDUM BATTERIES INC.,3
CURRENT TECHNOLOGY CORP,4
PEGASYSTEMS INC,4
SCICLONE PHARMACEUTICALS INC,4
AMCOL INTERNATIONAL CORP,2
"MICROVISION, INC.",0
ARI NETWORK SERVICES INC /WI,4
"Preferred Restaurant Brands, Inc.",3
SANFILIPPO JOHN B & SON INC,2
"SPYR, Inc.",4
STATIONDIGITAL CORP,3
NMT MEDICAL INC,0
PERRIGO Co plc,4
TETRA TECH INC,2
"SharpSpring, Inc.",3
ITT EDUCATIONAL SERVICES INC,0
"CUR MEDIA, INC.",3
SHOLODGE INC,4
TRANSACT TECHNOLOGIES INC,0
FULL HOUSE RESORTS INC,2
ABM INDUSTRIES INC /DE/,2
"Willbros Group, Inc.NEW",4
"Azenta, Inc.",4
"ENVESTNET, INC.",2
"LATITUDE 360, INC.",1
TESCO CORP,4
SPATIALIGHT INC,4
HARRISON VICKERS & WATERMAN INC,1
YAPPN CORP.,1
"Qingdao Footwear, Inc.",4
KII Liquidating Inc.,4
AMERICAN SHARED HOSPITAL SERVICES,4
"Harvard Apparatus Regenerative Technology, Inc.",1
SEACOR HOLDINGS INC /NEW/,2
"A10 Networks, Inc.",2
"American Renal Associates Holdings, Inc.",0
"Fuse Medical, Inc.",4
ADVANCED ENERGY INDUSTRIES INC,2
ADVENT SOFTWARE INC /DE/,2
"Mama's Creations, Inc.",2
Outdoor Holding Co,2
"SurePure, Inc.",4
"Avangrid, Inc.",2
"GRAYSTONE COMPANY, INC.",3
ExOne Co,0
Tungsten Corp.,3
AMERICAN VANGUARD CORP,4
"CHINA SKY ONE MEDICAL, INC.",2
BLOUNT INTERNATIONAL INC,4
BOWFLEX INC.,4
Bioventus Inc.,4
BIOMEDICAL TECHNOLOGY SOLUTIONS HOLDINGS INC,3
VAALCO ENERGY INC /DE/,4
"ASIA EQUITY EXCHANGE GROUP, INC.",3
K TEL INTERNATIONAL INC,4
CITRIX SYSTEMS INC,3
GEORGETOWN CORP,1
"Fossil Group, Inc.",0
Emerge Energy Services LP,3
GrowGeneration Corp.,0
Northern Power Systems Corp.,1
TAITRON COMPONENTS INC,3
HAUPPAUGE DIGITAL INC,4
"LiveWire Mobile, Inc.",4
TREECON RESOURCES INC,4
Quest Resource Holding Corp,2
"Development Capital Group, Inc.",3
"Panacea Global, Inc.",3
HI TECH PHARMACAL CO INC,1
PREFORMED LINE PRODUCTS CO,1
"AEOLUS PHARMACEUTICALS, INC.",4
"Teledyne FLIR, LLC",1
"EQUUS TOTAL RETURN, INC.",1
"Rock Energy Resources, Inc.",4
SemiLEDs Corp,4
"Crystal Rock Holdings, Inc.",4
PHIBRO ANIMAL HEALTH CORP,4
KEMET CORP,2
"Youngevity International, Inc.",3
TRANS WORLD CORP,1
THOMAS GROUP INC,4
Makism 3D Corp.,3
Exterran Corp,2
FARO TECHNOLOGIES INC,2
"NEW MEDIA INSIGHT GROUP, INC.",3
"Helix Wind, Corp.",4
"Farm Lands of Africa, Inc.",3
MEDIFAST INC,4
"PENN Entertainment, Inc.",2
OptimizeRx Corp,0
DAVIDsTEA Inc.,2
ORBITAL SCIENCES CORP /DE/,4
Interups Inc,1
COATES INTERNATIONAL LTD,1
"root9B Holdings, Inc.",1
"Hill-Rom Holdings, Inc.",2
"Archrock, Inc.",0
NATURAL ALTERNATIVES INTERNATIONAL INC,4
CAMBREX CORP,2
INTEST CORP,2
"Fifth Season International, Inc.",3
VICOR CORP,2
OUTDOOR CHANNEL HOLDINGS INC,4
JOHNSON OUTDOORS INC,0
CIG WIRELESS CORP.,4
"SMART MOVE, INC.",4
"Intermec, Inc.",0
ARDEN GROUP INC,4
NEUROBIOLOGICAL TECHNOLOGIES INC /CA/,0
Kraft Heinz Co,4
Arax Holdings Corp,1
"Empire Post Media, Inc.",3
CALA CORP,4
"SCANSOURCE, INC.",1
SEAL123 INC,2
Emeren Group Ltd,4
"AXIOM HOLDINGS, INC.",2
SAKS INC,2
DT INDUSTRIES INC,4
MAGNUM HUNTER RESOURCES CORP,0
RALCORP HOLDINGS INC /MO,1
"MMRGlobal, Inc.",4
TRIMBLE INC.,1
"SOLESENCE, INC.",4
LINK ENERGY LLC,1
APPLIED MICRO CIRCUITS CORP,2
"AMFIL TECHNOLOGIES, INC.",4
INTEGRATED BUSINESS SYSTEMS & SERVICES INC,4
ION GEOPHYSICAL CORP,0
"MAKEMUSIC, INC.",1
VINCE HOLDING CORP.,0
AMEDISYS INC,4
MATTSON TECHNOLOGY INC,2
LITHIA MOTORS INC,2
"UniTek Global Services, Inc.",4
Varex Imaging Corp,4
EZCORP INC,4
PARADISE MUSIC & ENTERTAINMENT INC,3
NATIONAL BEVERAGE CORP,4
"Alphatec Holdings, Inc.",2
il2m INTERNATIONAL CORP.,1
LOYALTYPOINT INC,4
Zhuoxun Hongtu Inc.,3
"Veritone, Inc.",4
Monster Beverage Corp,1
STEWART ENTERPRISES INC,2
TechnipFMC plc,4
FIRST AVIATION SERVICES INC,4
AIR T INC,4
WARNACO GROUP INC /DE/,4
CTI BIOPHARMA CORP,0
CHICAGO BRIDGE & IRON CO N V,2
"SEVCON, INC.",4
"POINT BLANK SOLUTIONS, INC.",2
"RADIUS RECYCLING, INC.",2
LANDAUER INC,4
PMC SIERRA INC,4
